id,title,authors.name,year,fos.name,n_citation,references,abstract
600aa63491e0118dac795033,nadir is king,"['Nadir Yaakov', 'Ben Zakai']",2020,Nurology,0,[],Nadir is the best king
600aa63491e0118dac781561,Completely unrelated topic,['Random'],2020,Cooking,0,[],This paper is about baking cakes and has nothing to do with any other nodes in the dataset
600aa63491e8418dac781561,Keyboard and mous,['Ben Zakai'],2020,Medical,1,['558b142be4b0b32fcb3a9ef0'],Ben is a new doctor he is bad at it
510aa63491e0118dac781561,PC building,['Nadir Yaakov'],2020,Pharmacuticals,1,['53e99a09b7602d9702255f7a'],Nadir is new to building pcs
61f682d4b0af494db69500a7,advanced cake frosting,['Random Baker'],2017,Cooking,2,"['53e99c44b7602d97024f5a24','53e9a7ddb7602d970311ded9']",This paper explores advanced frosting techniques for cakes.
46d46959b71046ba8683ebba,introduction to neural widgets,['Nadir Yaakov'],2016,Computer Science,1,['53e9b9bab7602d97045aeed9'],Neural widgets are a fictional concept used for testing datasets.
67e7f15bac9c4277a2a80375,basic medical tools,['Ben Zakai'],2019,Medical,1,['53e9a42bb7602d9702d46e31'],An overview of commonly used basic medical instruments.
05499e8b2c404adfb7c7ab03,pc cooling techniques,['Nadir Yaakov'],2019,Engineering,1,['53e9a42bb7602d9702d46e31'],Discussion of air and liquid cooling methods for personal computers.
ec898e4bc4874369a459c98a,food chemistry basics,['Random'],2018,Chemistry,1,['558b142be4b0b32fcb3a9ef0'],This paper introduces chemical processes involved in cooking.
600aa63491e0118dac799001,advanced cake frosting,['Random Baker'],2020,Cooking,0,[],This paper explores advanced frosting techniques for cakes.
600aa63491e0118dac799002,introduction to neural widgets,['Nadir Yaakov'],2017,Computer Science,2,"['53e9a91ab7602d970326ca89','53e9b388b7602d9703e66f0b']",Neural widgets are a fictional concept used for testing datasets.
600aa63491e0118dac799003,basic medical tools,['Ben Zakai'],2015,Medical,1,['53e9be03b7602d9704ab965c'],An overview of commonly used basic medical instruments.
600aa63491e0118dac799004,pc cooling techniques,['Nadir Yaakov'],2019,Engineering,3,"['53e9bde2b7602d9704a94c83','53e9a5fdb7602d9702f2c78f','558ab72784ae84d265bf393c']",Discussion of air and liquid cooling methods for personal computers.
600aa63491e0118dac799005,food chemistry basics,['Random'],2020,Chemistry,0,[],This paper introduces chemical processes involved in cooking.
600aa63491e0118dac799006,quantum creativity in music,"['Elon Musk','Brian May']",2016,Physics,1,['53e9a42bb7602d9702d46e31'],This paper discusses the relationship between quantum thinking and musical creativity.
600aa63491e0118dac799007,statistical patterns in football strategy,"['Lionel Messi','Andres Iniesta']",2017,Sports Science,2,"['53e9b05cb7602d9703ac36c1','53e9b7eeb7602d970439d213']",An analysis of tactical decision making in professional football using statistics.
600aa63491e0118dac799008,philosophy of artificial consciousness,"['Stephen Hawking','Yuval Noah Harari']",2020,Philosophy,1,['53e9b7eeb7602d970439d213'],This work explores ethical and philosophical implications of conscious artificial intelligence.
600aa63491e0118dac799009,economic impact of global tours,['Taylor Swift'],2017,Economics,0,[],A study on the macroeconomic effects of large scale international music tours.
600aa63491e0118dac799010,cinematography and visual perception,"['Christopher Nolan','Hans Zimmer']",2019,Arts,1,['53e99a92b7602d970230c278'],An interdisciplinary study of sound design and visual perception in modern cinema.
600aa63491e0118dac799011,neuroscience of stage performance,"['Lady Gaga','Andrew Huberman']",2020,Neuroscience,0,[],An exploration of brain activity and emotional regulation during live stage performances.
600aa63491e0118dac799012,ai driven space mission planning,"['Elon Musk','Demis Hassabis']",2019,Aerospace Engineering,1,['53e9be03b7602d9704ab965c'],This paper studies the use of artificial intelligence for optimizing interplanetary mission planning.
600aa63491e0118dac799013,mathematics behind basketball shots,"['LeBron James','John Nash']",2018,Mathematics,1,['53e9be03b7602d9704ab965c'],A mathematical analysis of optimal shooting angles and trajectories in professional basketball.
600aa63491e0118dac799014,climate narratives in documentary film,['Leonardo DiCaprio'],2018,Environmental Studies,1,[53e9b388b7602d9703e66f0b],An analysis of how documentary films shape public perception of climate change.
600aa63491e0118dac799015,psychology of viral content,"['MrBeast','Daniel Kahneman']",2017,Psychology,2,"['53e9b05cb7602d9703ac36c1','53e9b7eeb7602d970439d213']",This study investigates cognitive biases behind the spread of viral online content.
600aa63491e0118dac799016,blockchain governance models,['Vitalik Buterin'],2018,Political Science,0,[],An examination of decentralized governance structures in blockchain ecosystems.
600aa63491e0118dac799017,acoustics of concert halls,"['Hans Zimmer','Yo-Yo Ma']",2019,Acoustics,0,[],This paper analyzes how architectural design influences sound quality in large concert halls.
600aa63491e0118dac799018,ethics of human enhancement,"['Elon Musk','Nick Bostrom']",2019,Ethics,1,['53e9a42bb7602d9702d46e31'],A discussion on moral and societal implications of enhancing human cognitive and physical abilities.
600aa63491e0118dac799019,data science in fashion design,['Virgil Abloh'],2020,Data Science,2,"['53e9b05cb7602d9703ac36c1','53e9b7eeb7602d970439d213']",This paper explores the use of data analytics in modern fashion design processes.
600aa63491e0118dac799020,linguistics of rap lyrics,"['Eminem','Noam Chomsky']",2017,Linguistics,1,['53e9a42bb7602d9702d46e31'],"A linguistic analysis of rhyme, syntax, and semantics in rap music lyrics."
600aa63491e0118dac799021,genetics of elite athletic performance,"['Serena Williams','Jennifer Doudna']",2020,Genetics,1,['53e9a42bb7602d9702d46e31'],A study on genetic factors influencing strength endurance and recovery in elite athletes.
600aa63491e0118dac799022,architecture of virtual worlds,"['Mark Zuckerberg','Rem Koolhaas']",2017,Architecture,1,['558b142be4b0b32fcb3a9ef0'],An exploration of spatial design principles applied to large scale virtual environments.
600aa63491e0118dac799023,cognitive load in chess mastery,"['Magnus Carlsen','Herbert Simon']",2017,Cognitive Science,1,['53e99a09b7602d9702255f7a'],An analysis of memory pattern recognition and decision making in expert chess play.
600aa63491e0118dac799024,supply chain resilience in global crises,"['Jeff Bezos','Clayton Christensen']",2017,Operations Research,2,"['53e99c44b7602d97024f5a24','53e9a7ddb7602d970311ded9']",This paper examines how large scale supply chains adapt to sudden global disruptions.
600aa63491e0118dac799025,astrophotography and image enhancement,"['Neil deGrasse Tyson','Ansel Adams']",2018,Astronomy,1,['53e9b9bab7602d97045aeed9'],A cross disciplinary study of astronomical imaging and photographic techniques.
600aa63491e0118dac799026,sociology of online fandoms,"['BTS','Pierre Bourdieu']",2016,Sociology,1,['53e99a52b7602d97022bb9a2'],An investigation into identity formation and social capital within online fan communities.
600aa63491e0118dac799027,cybersecurity lessons from espionage fiction,"['Edward Snowden','John le Carr']",2018,Cybersecurity,1,['53e9a2c8b7602d9702bd2ea3'],This paper analyzes security principles illustrated through espionage literature.
600aa63491e0118dac799028,economics of digital art markets,"['Beeple','Paul Krugman']",2018,Finance,2,"['53e9ae5cb7602d9703879334','53e9aa16b7602d9703384428']",A study of pricing mechanisms and market behavior in NFT based digital art.
600aa63491e0118dac799029,robot ethics in household assistants,"['Sophia Robot','Kate Darling']",2020,Robotics Ethics,2,"['557f1b45f6678c77ea228127','53e998a3b7602d97020de72d']",An ethical framework for human robot interaction in domestic environments.
600aa63491e0118dac799030,biomechanics of dance movement,"['Misty Copeland','Irving Lavin']",2020,Biomechanics,1,['53e9a855b7602d970319f1c7'],A biomechanical analysis of balance coordination and force in professional dance.
600aa63491e0118dac799031,decision making under extreme pressure,"['Tom Brady','Gary Klein']",2018,Decision Science,1,['53e9a36db7602d9702c7adca'],This paper analyzes rapid decision making strategies used in high pressure professional environments.
600aa63491e0118dac799032,urban mobility and electric vehicles,"['Elon Musk','Janette Sadik-Khan']",2016,Urban Planning,1,['53e9ade1b7602d97037e8856'],A study of electric vehicle adoption and its impact on modern city transportation systems.
600aa63491e0118dac799033,narrative structure in modern television,['Vince Gilligan'],2016,Media Studies,1,['53e9aff4b7602d9703a4b218'],An analysis of long form narrative techniques in contemporary television series.
600aa63491e0118dac799034,financial risk perception in retail trading,"['Warren Buffett','Robert Shiller']",2016,Behavioral Finance,1,['53e9b4abb7602d9703fba2ce'],This paper explores how cognitive bias affects financial risk assessment among retail investors.
600aa63491e0118dac799035,human attention in short form video,"['Mark Rober','Adam Grant']",2017,Human Computer Interaction,1,['53e9b4b4b7602d9703fcc163'],An investigation into attention span and engagement in short form educational videos.
600aa63491e0118dac799036,language evolution in online communities,"['PewDiePie','Steven Pinker']",2018,Linguistics,1,['53e9ade1b7602d97037e8856'],A study of slang formation and language drift in large online communities.
600aa63491e0118dac799037,materials science of sports equipment,"['Roger Federer','Andre Geim']",2018,Materials Science,1,['53e99a52b7602d97022bb9a2'],This work examines advanced materials used in professional sports equipment design.
600aa63491e0118dac799038,privacy tradeoffs in smart homes,"['Bill Gates','Helen Nissenbaum']",2016,Information Ethics,1,['53e9b4b4b7602d9703fcc163'],An ethical analysis of privacy risks introduced by smart home technologies.
600aa63491e0118dac799039,music tempo and cognitive performance,"['Hans Zimmer','Daniel Levitin']",2017,Cognitive Psychology,1,['53e9ade1b7602d97037e8856'],This study explores how musical tempo influences concentration and task performance.
600aa63491e0118dac799040,collective intelligence in online platforms,"['Jimmy Wales','Yochai Benkler']",2020,Social Computing,1,['53e9b4b4b7602d9703fcc163'],An examination of knowledge creation and collaboration in large scale online platforms.
600aa63491e0118dac0900,ai ethics in autonomous vehicles,"['Elon Musk','Stuart Russell']",2016,Ethics,3,"['53e9bde2b7602d9704a94c83','53e9a5fdb7602d9702f2c78f','558ab72784ae84d265bf393c']",This paper studies ai ethics in autonomous vehicles using interdisciplinary methods.
600aa63491e0118dac0901,psychology of competitive gaming,"['Ninja','Jordan Peterson']",2017,Psychology,0,[],This paper studies psychology of competitive gaming using interdisciplinary methods.
600aa63491e0118dac0902,economics of space tourism,"['Jeff Bezos','Paul Krugman']",2018,Economics,1,['53e9a42bb7602d9702d46e31'],This paper studies economics of space tourism using interdisciplinary methods.
600aa63491e0118dac0903,visual perception in virtual reality,"['Mark Zuckerberg','Donald Hoffman']",2019,Cognitive Science,2,"['53e9b05cb7602d9703ac36c1','53e9b7eeb7602d970439d213']",This paper studies visual perception in virtual reality using interdisciplinary methods.
600aa63491e0118dac0904,decision theory in poker,"['Daniel Negreanu','John von Neumann']",2020,Game Theory,1,['53e9b7eeb7602d970439d213'],This paper studies decision theory in poker using interdisciplinary methods.
600aa63491e0118dac0905,energy storage materials research,"['Elon Musk','Andre Geim']",2021,Materials Science,0,[],This paper studies energy storage materials research using interdisciplinary methods.
600aa63491e0118dac0906,social dynamics of online influencers,"['Kim Kardashian','Sherry Turkle']",2022,Sociology,1,['53e99a92b7602d970230c278'],This paper studies social dynamics of online influencers using interdisciplinary methods.
600aa63491e0118dac0907,robot learning from human feedback,"['Sam Altman','Fei-Fei Li']",2023,Robotics,0,[],This paper studies robot learning from human feedback using interdisciplinary methods.
600aa63491e0118dac0908,neuroscience of creativity,"['Kanye West','Eric Kandel']",2016,Neuroscience,1,['53e9be03b7602d9704ab965c'],This paper studies neuroscience of creativity using interdisciplinary methods.
600aa63491e0118dac0909,cryptography in digital currencies,['Satoshi Nakamoto'],2017,Cryptography,1,['53e9be03b7602d9704ab965c'],This paper studies cryptography in digital currencies using interdisciplinary methods.
600aa63491e0118dac0910,urban resilience to climate change,"['Barack Obama','Elinor Ostrom']",2018,Environmental Studies,1,[53e9b388b7602d9703e66f0b],This paper studies urban resilience to climate change using interdisciplinary methods.
600aa63491e0118dac0911,music theory and emotional response,"['Hans Zimmer','Daniel Levitin']",2019,Music Theory,2,"['53e9b05cb7602d9703ac36c1','53e9b7eeb7602d970439d213']",This paper studies music theory and emotional response using interdisciplinary methods.
600aa63491e0118dac0912,data driven movie production,"['Steven Spielberg','Clayton Christensen']",2020,Data Science,0,[],This paper studies data driven movie production using interdisciplinary methods.
600aa63491e0118dac0913,human factors in aviation safety,"['Chesley Sullenberger','James Reason']",2021,Human Factors,0,[],This paper studies human factors in aviation safety using interdisciplinary methods.
600aa63491e0118dac0914,biological inspiration in robotics,"['Boston Dynamics','Rodney Brooks']",2022,Bio Robotics,1,['53e9a42bb7602d9702d46e31'],This paper studies biological inspiration in robotics using interdisciplinary methods.
600aa63491e0118dac0915,trust models in distributed systems,['Leslie Lamport'],2023,Distributed Systems,2,"['53e9b05cb7602d9703ac36c1','53e9b7eeb7602d970439d213']",This paper studies trust models in distributed systems using interdisciplinary methods.
600aa63491e0118dac0916,sports analytics in baseball,"['Billy Beane','Nate Silver']",2016,Sports Analytics,1,['53e9a42bb7602d9702d46e31'],This paper studies sports analytics in baseball using interdisciplinary methods.
600aa63491e0118dac0917,philosophy of technological progress,['Yuval Noah Harari'],2017,Philosophy,1,['53e9a42bb7602d9702d46e31'],This paper studies philosophy of technological progress using interdisciplinary methods.
600aa63491e0118dac0918,machine learning for drug discovery,"['Demis Hassabis','Jennifer Doudna']",2018,Computational Biology,1,['558b142be4b0b32fcb3a9ef0'],This paper studies machine learning for drug discovery using interdisciplinary methods.
600aa63491e0118dac0919,attention mechanisms in education,"['Sal Khan','Carol Dweck']",2019,Education,1,['53e99a09b7602d9702255f7a'],This paper studies attention mechanisms in education using interdisciplinary methods.
600aa63491e0118dae1000,ethics of human augmentation,"['Nick Bostrom','Ray Kurzweil']",2015,Ethics,1,['53e9be03b7602d9704ab965c'],This paper investigates ethics of human augmentation using interdisciplinary and data driven approaches.
600aa63491e0118dae1001,reinforcement learning in robotics,"['Rodney Brooks','Sebastian Thrun']",2016,Robotics,1,['53e9982cb7602d970204ebec'],This paper investigates reinforcement learning in robotics using interdisciplinary and data driven approaches.
600aa63491e0118dae1002,behavioral economics of saving,['Richard Thaler'],2017,Behavioral Economics,0,[],This paper investigates behavioral economics of saving using interdisciplinary and data driven approaches.
600aa63491e0118dae1003,deep learning for speech synthesis,"['Geoffrey Hinton','Yann LeCun']",2018,Machine Learning,2,"['53e9a91ab7602d970326ca89','53e9b388b7602d9703e66f0b']",This paper investigates deep learning for speech synthesis using interdisciplinary and data driven approaches.
600aa63491e0118dae1004,social networks and polarization,['Cass Sunstein'],2019,Political Science,1,[53e9b388b7602d9703e66f0b],This paper investigates social networks and polarization using interdisciplinary and data driven approaches.
600aa63491e0118dae1005,quantum computing algorithms,['Peter Shor'],2020,Quantum Computing,3,"['53e9bde2b7602d9704a94c83','53e9a5fdb7602d9702f2c78f','558ab72784ae84d265bf393c']",This paper investigates quantum computing algorithms using interdisciplinary and data driven approaches.
600aa63491e0118dae1006,biomechanics of marathon running,"['Eliud Kipchoge','Peter Weyand']",2021,Biomechanics,1,['53e9be03b7602d9704ab965c'],This paper investigates biomechanics of marathon running using interdisciplinary and data driven approaches.
600aa63491e0118dae1007,digital privacy in smart cities,"['Jane Jacobs','Helen Nissenbaum']",2022,Information Ethics,1,[53e9b388b7602d9703e66f0b],This paper investigates digital privacy in smart cities using interdisciplinary and data driven approaches.
600aa63491e0118dae1008,computational creativity in art,['Refik Anadol'],2023,Computational Art,2,"['53e9b05cb7602d9703ac36c1','53e9b7eeb7602d970439d213']",This paper investigates computational creativity in art using interdisciplinary and data driven approaches.
600aa63491e0118dae1009,risk analysis in financial markets,"['George Soros','Robert Shiller']",2015,Finance,0,[],This paper investigates risk analysis in financial markets using interdisciplinary and data driven approaches.
600aa63491e0118dae1010,neural correlates of memory,['Eric Kandel'],2016,Neuroscience,0,[],This paper investigates neural correlates of memory using interdisciplinary and data driven approaches.
600aa63491e0118dae1011,autonomous drones in logistics,"['Jeff Bezos','Sebastian Thrun']",2017,Logistics,1,['53e9a42bb7602d9702d46e31'],This paper investigates autonomous drones in logistics using interdisciplinary and data driven approaches.
600aa63491e0118dae1012,climate modeling and uncertainty,['Judith Curry'],2018,Climate Science,2,"['53e9b05cb7602d9703ac36c1','53e9b7eeb7602d970439d213']",This paper investigates climate modeling and uncertainty using interdisciplinary and data driven approaches.
600aa63491e0118dae1013,game design and player motivation,['Sid Meier'],2019,Game Studies,1,['53e9a42bb7602d9702d46e31'],This paper investigates game design and player motivation using interdisciplinary and data driven approaches.
600aa63491e0118dae1014,bioinformatics for cancer research,['Jennifer Doudna'],2020,Bioinformatics,1,['53e9a42bb7602d9702d46e31'],This paper investigates bioinformatics for cancer research using interdisciplinary and data driven approaches.
600aa63491e0118dae1015,philosophy of artificial minds,['David Chalmers'],2021,Philosophy,1,['558b142be4b0b32fcb3a9ef0'],This paper investigates philosophy of artificial minds using interdisciplinary and data driven approaches.
600aa63491e0118dae1016,supply chain optimization with ai,['Andrew Ng'],2022,Operations Research,1,['53e99a09b7602d9702255f7a'],This paper investigates supply chain optimization with ai using interdisciplinary and data driven approaches.
600aa63491e0118dae1017,music production with algorithms,['Brian Eno'],2023,Music Technology,2,"['53e99c44b7602d97024f5a24','53e9a7ddb7602d970311ded9']",This paper investigates music production with algorithms using interdisciplinary and data driven approaches.
600aa63491e0118dae1018,human robot collaboration,['Cynthia Breazeal'],2015,Human Robot Interaction,1,['53e9b9bab7602d97045aeed9'],This paper investigates human robot collaboration using interdisciplinary and data driven approaches.
600aa63491e0118dae1019,statistical learning theory,['Vladimir Vapnik'],2016,Statistical Learning,1,['53e9a42bb7602d9702d46e31'],This paper investigates statistical learning theory using interdisciplinary and data driven approaches.
600aa63491e0118dae1020,cyber warfare strategies,['Bruce Schneier'],2017,Cybersecurity,1,['53e9a42bb7602d9702d46e31'],This paper investigates cyber warfare strategies using interdisciplinary and data driven approaches.
600aa63491e0118dae1021,augmented reality in education,['Sal Khan'],2018,Education Technology,1,['558b142be4b0b32fcb3a9ef0'],This paper investigates augmented reality in education using interdisciplinary and data driven approaches.
600aa63491e0118dae1022,evolution of online language,['Steven Pinker'],2019,Linguistics,1,['53e99a09b7602d9702255f7a'],This paper investigates evolution of online language using interdisciplinary and data driven approaches.
600aa63491e0118dae1023,medical imaging with deep nets,"['Andrew Ng','Fei-Fei Li']",2020,Medical Imaging,1,['53e9be03b7602d9704ab965c'],This paper investigates medical imaging with deep nets using interdisciplinary and data driven approaches.
600aa63491e0118dae1024,trust and reputation systems,['Paul Resnick'],2021,Distributed Systems,1,['53e9982cb7602d970204ebec'],This paper investigates trust and reputation systems using interdisciplinary and data driven approaches.
600aa63491e0118dae1025,sports performance prediction,['Nate Silver'],2022,Sports Analytics,0,[],This paper investigates sports performance prediction using interdisciplinary and data driven approaches.
600aa63491e0118dae1026,ethical hacking methodologies,['Kevin Mitnick'],2023,Computer Security,2,"['53e9a91ab7602d970326ca89','53e9b388b7602d9703e66f0b']",This paper investigates ethical hacking methodologies using interdisciplinary and data driven approaches.
600aa63491e0118dae1027,computational social choice,['Kenneth Arrow'],2015,Social Choice Theory,1,[53e9b388b7602d9703e66f0b],This paper investigates computational social choice using interdisciplinary and data driven approaches.
600aa63491e0118dae1028,brain computer interfaces,['Miguel Nicolelis'],2016,Neuroengineering,1,['53e9b9bab7602d97045aeed9'],This paper investigates brain computer interfaces using interdisciplinary and data driven approaches.
600aa63491e0118dae1029,future of work automation,['Erik Brynjolfsson'],2017,Labor Economics,1,['53e9a42bb7602d9702d46e31'],This paper investigates future of work automation using interdisciplinary and data driven approaches.
600aa63491e0118dae1000,ethics of human augmentation,"['Nick Bostrom','Ray Kurzweil']",2015,Ethics,1,['53e9b9bab7602d97045aeed9'],This paper investigates ethics of human augmentation using interdisciplinary and data driven approaches.
600aa63491e0118dae1001,reinforcement learning in robotics,"['Rodney Brooks','Sebastian Thrun']",2016,Robotics,1,['53e9a42bb7602d9702d46e31'],This paper investigates reinforcement learning in robotics using interdisciplinary and data driven approaches.
600aa63491e0118dae1002,behavioral economics of saving,['Richard Thaler'],2017,Behavioral Economics,1,['53e9a42bb7602d9702d46e31'],This paper investigates behavioral economics of saving using interdisciplinary and data driven approaches.
600aa63491e0118dae1003,deep learning for speech synthesis,"['Geoffrey Hinton','Yann LeCun']",2018,Machine Learning,1,['558b142be4b0b32fcb3a9ef0'],This paper investigates deep learning for speech synthesis using interdisciplinary and data driven approaches.
600aa63491e0118dae1004,social networks and polarization,['Cass Sunstein'],2019,Political Science,1,['53e99a09b7602d9702255f7a'],This paper investigates social networks and polarization using interdisciplinary and data driven approaches.
600aa63491e0118dae1005,quantum computing algorithms,['Peter Shor'],2020,Quantum Computing,1,['53e9be03b7602d9704ab965c'],This paper investigates quantum computing algorithms using interdisciplinary and data driven approaches.
600aa63491e0118dae1006,biomechanics of marathon running,"['Eliud Kipchoge','Peter Weyand']",2021,Biomechanics,1,['53e9982cb7602d970204ebec'],This paper investigates biomechanics of marathon running using interdisciplinary and data driven approaches.
600aa63491e0118dae1007,digital privacy in smart cities,"['Jane Jacobs','Helen Nissenbaum']",2022,Information Ethics,0,[],This paper investigates digital privacy in smart cities using interdisciplinary and data driven approaches.
600aa63491e0118dae1008,computational creativity in art,['Refik Anadol'],2023,Computational Art,2,"['53e9a91ab7602d970326ca89','53e9b388b7602d9703e66f0b']",This paper investigates computational creativity in art using interdisciplinary and data driven approaches.
600aa63491e0118dae1009,risk analysis in financial markets,"['George Soros','Robert Shiller']",2015,Finance,1,[53e9b388b7602d9703e66f0b],This paper investigates risk analysis in financial markets using interdisciplinary and data driven approaches.
600aa63491e0118dae1010,neural correlates of memory,['Eric Kandel'],2016,Neuroscience,1,['53e9be03b7602d9704ab965c'],This paper investigates neural correlates of memory using interdisciplinary and data driven approaches.
600aa63491e0118dae1011,autonomous drones in logistics,"['Jeff Bezos','Sebastian Thrun']",2017,Logistics,1,[53e9b388b7602d9703e66f0b],This paper investigates autonomous drones in logistics using interdisciplinary and data driven approaches.
600aa63491e0118dae1012,climate modeling and uncertainty,['Judith Curry'],2018,Climate Science,2,"['53e9b05cb7602d9703ac36c1','53e9b7eeb7602d970439d213']",This paper investigates climate modeling and uncertainty using interdisciplinary and data driven approaches.
600aa63491e0118dae1013,game design and player motivation,['Sid Meier'],2019,Game Studies,0,[],This paper investigates game design and player motivation using interdisciplinary and data driven approaches.
600aa63491e0118dae1014,bioinformatics for cancer research,['Jennifer Doudna'],2020,Bioinformatics,0,[],This paper investigates bioinformatics for cancer research using interdisciplinary and data driven approaches.
600aa63491e0118dae1015,philosophy of artificial minds,['David Chalmers'],2021,Philosophy,1,['53e9a42bb7602d9702d46e31'],This paper investigates philosophy of artificial minds using interdisciplinary and data driven approaches.
600aa63491e0118dae1016,supply chain optimization with ai,['Andrew Ng'],2022,Operations Research,2,"['53e9b05cb7602d9703ac36c1','53e9b7eeb7602d970439d213']",This paper investigates supply chain optimization with ai using interdisciplinary and data driven approaches.
600aa63491e0118dae1017,music production with algorithms,['Brian Eno'],2023,Music Technology,1,['53e9a42bb7602d9702d46e31'],This paper investigates music production with algorithms using interdisciplinary and data driven approaches.
600aa63491e0118dae1018,human robot collaboration,['Cynthia Breazeal'],2015,Human Robot Interaction,1,['53e9a42bb7602d9702d46e31'],This paper investigates human robot collaboration using interdisciplinary and data driven approaches.
600aa63491e0118dae1019,statistical learning theory,['Vladimir Vapnik'],2016,Statistical Learning,1,['558b142be4b0b32fcb3a9ef0'],This paper investigates statistical learning theory using interdisciplinary and data driven approaches.
600aa63491e0118dae1020,cyber warfare strategies,['Bruce Schneier'],2017,Cybersecurity,1,[53e9b388b7602d9703e66f0b],This paper investigates cyber warfare strategies using interdisciplinary and data driven approaches.
600aa63491e0118dae1021,augmented reality in education,['Sal Khan'],2018,Education Technology,2,"['53e9b05cb7602d9703ac36c1','53e9b7eeb7602d970439d213']",This paper investigates augmented reality in education using interdisciplinary and data driven approaches.
600aa63491e0118dae1022,evolution of online language,['Steven Pinker'],2019,Linguistics,0,[],This paper investigates evolution of online language using interdisciplinary and data driven approaches.
600aa63491e0118dae1023,medical imaging with deep nets,"['Andrew Ng','Fei-Fei Li']",2020,Medical Imaging,0,[],This paper investigates medical imaging with deep nets using interdisciplinary and data driven approaches.
600aa63491e0118dae1024,trust and reputation systems,['Paul Resnick'],2021,Distributed Systems,1,['53e9a42bb7602d9702d46e31'],This paper investigates trust and reputation systems using interdisciplinary and data driven approaches.
600aa63491e0118dae1025,sports performance prediction,['Nate Silver'],2022,Sports Analytics,2,"['53e9b05cb7602d9703ac36c1','53e9b7eeb7602d970439d213']",This paper investigates sports performance prediction using interdisciplinary and data driven approaches.
600aa63491e0118dae1026,ethical hacking methodologies,['Kevin Mitnick'],2023,Computer Security,1,['53e9a42bb7602d9702d46e31'],This paper investigates ethical hacking methodologies using interdisciplinary and data driven approaches.
600aa63491e0118dae1027,computational social choice,['Kenneth Arrow'],2015,Social Choice Theory,1,['53e9a42bb7602d9702d46e31'],This paper investigates computational social choice using interdisciplinary and data driven approaches.
600aa63491e0118dae1028,brain computer interfaces,['Miguel Nicolelis'],2016,Neuroengineering,1,['558b142be4b0b32fcb3a9ef0'],This paper investigates brain computer interfaces using interdisciplinary and data driven approaches.
600aa63491e0118dae1029,future of work automation,['Erik Brynjolfsson'],2017,Labor Economics,1,['53e99a09b7602d9702255f7a'],This paper investigates future of work automation using interdisciplinary and data driven approaches.
600aa63491e0118dae1030,quantum computing applications,['Peter Shor'],2018,Quantum Computing,3,"['53e9b388b7602d9703e66f0b','53e9b05cb7602d9703ac36c1','53e9a42bb7602d9702d46e31']",This paper investigates quantum computing applications using interdisciplinary and data driven approaches.
600aa63491e0118dae1031,climate modeling accuracy,['Michael Mann'],2019,Climate Science,2,"['53e9b05cb7602d9703ac36c1','53e9b7eeb7602d970439d213']",This paper investigates climate modeling accuracy using interdisciplinary and data driven approaches.
600aa63491e0118dae1032,personalized learning systems,['Sebastian Thrun'],2020,Educational Technology,1,['53e9a42bb7602d9702d46e31'],This paper investigates personalized learning systems using interdisciplinary and data driven approaches.
600aa63491e0118dae1033,blockchain consensus mechanisms,['Vitalik Buterin'],2021,Distributed Systems,0,[],This paper investigates blockchain consensus mechanisms using interdisciplinary and data driven approaches.
600aa63491e0118dae1034,neural architecture search,['Quoc Le'],2022,Machine Learning,2,"['53e9b05cb7602d9703ac36c1','558b142be4b0b32fcb3a9ef0']",This paper investigates neural architecture search using interdisciplinary and data driven approaches.
600aa63491e0118dae1035,gene editing ethics,['Jennifer Doudna'],2023,Bioethics,1,['53e9a42bb7602d9702d46e31'],This paper investigates gene editing ethics using interdisciplinary and data driven approaches.
600aa63491e0118dae1036,urban traffic optimization,['Carlo Ratti'],2015,Urban Planning,3,"['53e9b388b7602d9703e66f0b','53e9b05cb7602d9703ac36c1','53e9a42bb7602d9702d46e31']",This paper investigates urban traffic optimization using interdisciplinary and data driven approaches.
600aa63491e0118dae1037,misinformation detection algorithms,['Sinan Aral'],2016,Social Computing,2,"['53e9b05cb7602d9703ac36c1','53e9b7eeb7602d970439d213']",This paper investigates misinformation detection algorithms using interdisciplinary and data driven approaches.
600aa63491e0118dae1038,renewable energy forecasting,['Mark Jacobson'],2017,Energy Systems,1,['558b142be4b0b32fcb3a9ef0'],This paper investigates renewable energy forecasting using interdisciplinary and data driven approaches.
600aa63491e0118dae1039,privacy preserving computation,['Cynthia Dwork'],2018,Cryptography,2,"['53e9b05cb7602d9703ac36c1','53e9a42bb7602d9702d46e31']",This paper investigates privacy preserving computation using interdisciplinary and data driven approaches.
600aa63491e0118dae1040,cognitive load in interface design,['Don Norman'],2019,Human Computer Interaction,1,['53e9a42bb7602d9702d46e31'],This paper investigates cognitive load in interface design using interdisciplinary and data driven approaches.
600aa63491e0118dae1041,autonomous vehicle ethics,['Patrick Lin'],2020,Applied Ethics,0,[],This paper investigates autonomous vehicle ethics using interdisciplinary and data driven approaches.
600aa63491e0118dae1042,protein folding prediction,['John Jumper'],2021,Computational Biology,3,"['53e9b388b7602d9703e66f0b','53e9b05cb7602d9703ac36c1','558b142be4b0b32fcb3a9ef0']",This paper investigates protein folding prediction using interdisciplinary and data driven approaches.
600aa63491e0118dae1043,sentiment analysis techniques,['Christopher Manning'],2022,Natural Language Processing,2,"['53e9b05cb7602d9703ac36c1','53e9b7eeb7602d970439d213']",This paper investigates sentiment analysis techniques using interdisciplinary and data driven approaches.
600aa63491e0118dae1044,quantum cryptography protocols,['Artur Ekert'],2023,Quantum Information,1,['53e9a42bb7602d9702d46e31'],This paper investigates quantum cryptography protocols using interdisciplinary and data driven approaches.
600aa63491e0118dae1045,microbiome and mental health,['Rob Knight'],2015,Microbiology,2,"['53e9b05cb7602d9703ac36c1','558b142be4b0b32fcb3a9ef0']",This paper investigates microbiome and mental health using interdisciplinary and data driven approaches.
600aa63491e0118dae1046,algorithmic fairness metrics,['Timnit Gebru'],2016,AI Ethics,1,['53e9a42bb7602d9702d46e31'],This paper investigates algorithmic fairness metrics using interdisciplinary and data driven approaches.
600aa63491e0118dae1047,swarm intelligence robotics,['Marco Dorigo'],2017,Robotics,2,"['53e9b05cb7602d9703ac36c1','53e9b7eeb7602d970439d213']",This paper investigates swarm intelligence robotics using interdisciplinary and data driven approaches.
600aa63491e0118dae1048,financial market anomalies,['Robert Shiller'],2018,Behavioral Finance,0,[],This paper investigates financial market anomalies using interdisciplinary and data driven approaches.
600aa63491e0118dae1049,neural language models,['Yann LeCun'],2019,Deep Learning,3,"['53e9b388b7602d9703e66f0b','53e9b05cb7602d9703ac36c1','53e9a42bb7602d9702d46e31']",This paper investigates neural language models using interdisciplinary and data driven approaches.
600aa63491e0118dae1050,digital democracy platforms,['Beth Simone Noveck'],2020,Political Science,1,['53e9a42bb7602d9702d46e31'],This paper investigates digital democracy platforms using interdisciplinary and data driven approaches.
600aa63491e0118dae1051,synthetic biology applications,['George Church'],2021,Synthetic Biology,2,"['53e9b05cb7602d9703ac36c1','558b142be4b0b32fcb3a9ef0']",This paper investigates synthetic biology applications using interdisciplinary and data driven approaches.
600aa63491e0118dae1052,explainable AI systems,['Been Kim'],2022,Machine Learning,1,['53e9a42bb7602d9702d46e31'],This paper investigates explainable AI systems using interdisciplinary and data driven approaches.
600aa63491e0118dae1053,ocean acidification modeling,['Ken Caldeira'],2023,Marine Science,2,"['53e9b05cb7602d9703ac36c1','53e9b7eeb7602d970439d213']",This paper investigates ocean acidification modeling using interdisciplinary and data driven approaches.
600aa63491e0118dae1054,adversarial machine learning,['Ian Goodfellow'],2015,Machine Learning,3,"['53e9b388b7602d9703e66f0b','53e9b05cb7602d9703ac36c1','53e9a42bb7602d9702d46e31']",This paper investigates adversarial machine learning using interdisciplinary and data driven approaches.
600aa63491e0118dae1055,distributed ledger technologies,['David Chaum'],2016,Computer Science,0,[],This paper investigates distributed ledger technologies using interdisciplinary and data driven approaches.
600aa63491e0118dae1056,neuroplasticity mechanisms,['Michael Merzenich'],2017,Neuroscience,2,"['53e9b05cb7602d9703ac36c1','558b142be4b0b32fcb3a9ef0']",This paper investigates neuroplasticity mechanisms using interdisciplinary and data driven approaches.
600aa63491e0118dae1057,crowdsourcing quality control,['Aniket Kittur'],2018,Human Computation,1,['53e9a42bb7602d9702d46e31'],This paper investigates crowdsourcing quality control using interdisciplinary and data driven approaches.
600aa63491e0118dae1058,semantic web ontologies,['Tim Berners-Lee'],2019,Knowledge Representation,2,"['53e9b05cb7602d9703ac36c1','53e9b7eeb7602d970439d213']",This paper investigates semantic web ontologies using interdisciplinary and data driven approaches.
600aa63491e0118dae1059,carbon capture technologies,['Klaus Lackner'],2020,Environmental Engineering,1,['558b142be4b0b32fcb3a9ef0'],This paper investigates carbon capture technologies using interdisciplinary and data driven approaches.
600aa63491e0118dae1060,federated learning systems,['Brendan McMahan'],2021,Distributed Computing,3,"['53e9b388b7602d9703e66f0b','53e9b05cb7602d9703ac36c1','53e9a42bb7602d9702d46e31']",This paper investigates federated learning systems using interdisciplinary and data driven approaches.
600aa63491e0118dae1061,computational creativity,['Simon Colton'],2022,Artificial Intelligence,0,[],This paper investigates computational creativity using interdisciplinary and data driven approaches.
600aa63491e0118dae1062,precision agriculture techniques,['David Zilberman'],2023,Agricultural Science,2,"['53e9b05cb7602d9703ac36c1','53e9b7eeb7602d970439d213']",This paper investigates precision agriculture techniques using interdisciplinary and data driven approaches.
600aa63491e0118dae1063,emotion recognition systems,['Rosalind Picard'],2015,Affective Computing,1,['53e9a42bb7602d9702d46e31'],This paper investigates emotion recognition systems using interdisciplinary and data driven approaches.
600aa63491e0118dae1064,graph neural networks,['Jure Leskovec'],2016,Machine Learning,2,"['53e9b05cb7602d9703ac36c1','558b142be4b0b32fcb3a9ef0']",This paper investigates graph neural networks using interdisciplinary and data driven approaches.
600aa63491e0118dae1065,digital twin technologies,['Michael Grieves'],2017,Systems Engineering,1,['53e9a42bb7602d9702d46e31'],This paper investigates digital twin technologies using interdisciplinary and data driven approaches.
600aa63491e0118dae1066,attention mechanisms in cognition,['Michael Posner'],2018,Cognitive Psychology,2,"['53e9b05cb7602d9703ac36c1','558b142be4b0b32fcb3a9ef0']",This paper investigates attention mechanisms in cognition using interdisciplinary and data driven approaches.
600aa63491e0118dae1067,quantum machine learning,['Seth Lloyd'],2019,Quantum Computing,3,"['53e9b388b7602d9703e66f0b','53e9b05cb7602d9703ac36c1','53e9a42bb7602d9702d46e31']",This paper investigates quantum machine learning using interdisciplinary and data driven approaches.
600aa63491e0118dae1068,epidemic spread modeling,['Marc Lipsitch'],2020,Epidemiology,0,[],This paper investigates epidemic spread modeling using interdisciplinary and data driven approaches.
600aa63491e0118dae1069,neuromorphic computing architectures,['Carver Mead'],2021,Computer Architecture,2,"['53e9b05cb7602d9703ac36c1','558b142be4b0b32fcb3a9ef0']",This paper investigates neuromorphic computing architectures using interdisciplinary and data driven approaches.
600aa63491e0118dae1070,memory consolidation during sleep,['Matthew Walker'],2022,Sleep Science,2,"['53e9b05cb7602d9703ac36c1','558b142be4b0b32fcb3a9ef0']",This paper investigates memory consolidation during sleep using interdisciplinary and data driven approaches.
600aa63491e0118dae1071,distributed version control systems,['Linus Torvalds'],2023,Software Engineering,1,['53e9a42bb7602d9702d46e31'],This paper investigates distributed version control systems using interdisciplinary and data driven approaches.
600aa63491e0118dae1072,reinforcement learning for robotics,['Pieter Abbeel'],2015,Robotics,3,"['53e9b388b7602d9703e66f0b','53e9b05cb7602d9703ac36c1','53e9a42bb7602d9702d46e31']",This paper investigates reinforcement learning for robotics using interdisciplinary and data driven approaches.
600aa63491e0118dae1073,cryptocurrency market dynamics,['Emin Gun Sirer'],2016,Financial Technology,0,[],This paper investigates cryptocurrency market dynamics using interdisciplinary and data driven approaches.
600aa63491e0118dae1074,wireless power transfer systems,['Marin Soljacic'],2017,Electrical Engineering,2,"['53e9b05cb7602d9703ac36c1','53e9b7eeb7602d970439d213']",This paper investigates wireless power transfer systems using interdisciplinary and data driven approaches.
600aa63491e0118dae1075,epigenetic inheritance patterns,['Eva Jablonka'],2018,Genetics,1,['558b142be4b0b32fcb3a9ef0'],This paper investigates epigenetic inheritance patterns using interdisciplinary and data driven approaches.
600aa63491e0118dae1076,recommender system algorithms,['Yehuda Koren'],2019,Information Retrieval,2,"['53e9b05cb7602d9703ac36c1','53e9a42bb7602d9702d46e31']",This paper investigates recommender system algorithms using interdisciplinary and data driven approaches.
600aa63491e0118dae1077,sustainable urban architecture,['Bjarke Ingels'],2020,Architecture,1,['53e9a42bb7602d9702d46e31'],This paper investigates sustainable urban architecture using interdisciplinary and data driven approaches.
600aa63491e0118dae1078,natural language generation,['Emily Bender'],2021,Computational Linguistics,3,"['53e9b388b7602d9703e66f0b','53e9b05cb7602d9703ac36c1','53e9a42bb7602d9702d46e31']",This paper investigates natural language generation using interdisciplinary and data driven approaches.
600aa63491e0118dae1079,asteroid deflection strategies,['Ed Lu'],2022,Planetary Defense,0,[],This paper investigates asteroid deflection strategies using interdisciplinary and data driven approaches.
600aa63491e0118dae1080,behavioral economics interventions,['Richard Thaler'],2023,Behavioral Economics,2,"['53e9b05cb7602d9703ac36c1','53e9b7eeb7602d970439d213']",This paper investigates behavioral economics interventions using interdisciplinary and data driven approaches.
600aa63491e0118dae1081,haptic feedback technologies,['Katherine Kuchenbecker'],2015,Human Computer Interaction,1,['53e9a42bb7602d9702d46e31'],This paper investigates haptic feedback technologies using interdisciplinary and data driven approaches.
600aa63491e0118dae1082,metamaterial optical properties,['John Pendry'],2016,Materials Science,2,"['53e9b05cb7602d9703ac36c1','558b142be4b0b32fcb3a9ef0']",This paper investigates metamaterial optical properties using interdisciplinary and data driven approaches.
600aa63491e0118dae1083,social network influence cascades,['Duncan Watts'],2017,Network Science,3,"['53e9b388b7602d9703e66f0b','53e9b05cb7602d9703ac36c1','53e9a42bb7602d9702d46e31']",This paper investigates social network influence cascades using interdisciplinary and data driven approaches.
600aa63491e0118dae1084,gravitational wave detection,['Kip Thorne'],2018,Astrophysics,1,['53e9a42bb7602d9702d46e31'],This paper investigates gravitational wave detection using interdisciplinary and data driven approaches.
600aa63491e0118dae1085,biometric authentication security,['Anil Jain'],2019,Information Security,2,"['53e9b05cb7602d9703ac36c1','53e9b7eeb7602d970439d213']",This paper investigates biometric authentication security using interdisciplinary and data driven approaches.
600aa63491e0118dae1086,coral reef restoration methods,['Ruth Gates'],2020,Marine Biology,0,[],This paper investigates coral reef restoration methods using interdisciplinary and data driven approaches.
600aa63491e0118dae1087,transfer learning techniques,['Yoshua Bengio'],2021,Deep Learning,3,"['53e9b388b7602d9703e66f0b','53e9b05cb7602d9703ac36c1','558b142be4b0b32fcb3a9ef0']",This paper investigates transfer learning techniques using interdisciplinary and data driven approaches.
600aa63491e0118dae1088,voice recognition systems,['Xuedong Huang'],2022,Speech Processing,1,['53e9a42bb7602d9702d46e31'],This paper investigates voice recognition systems using interdisciplinary and data driven approaches.
600aa63491e0118dae1089,circular economy models,['Ellen MacArthur'],2023,Sustainability Science,2,"['53e9b05cb7602d9703ac36c1','53e9b7eeb7602d970439d213']",This paper investigates circular economy models using interdisciplinary and data driven approaches.
600aa63491e0118dae1090,optogenetics applications,['Karl Deisseroth'],2015,Neuroscience,2,"['53e9b05cb7602d9703ac36c1','558b142be4b0b32fcb3a9ef0']",This paper investigates optogenetics applications using interdisciplinary and data driven approaches.
600aa63491e0118dae1091,edge computing architectures,['Mahadev Satyanarayanan'],2016,Distributed Systems,1,['53e9a42bb7602d9702d46e31'],This paper investigates edge computing architectures using interdisciplinary and data driven approaches.
600aa63491e0118dae1092,dark matter detection methods,['Lisa Randall'],2017,Particle Physics,0,[],This paper investigates dark matter detection methods using interdisciplinary and data driven approaches.
600aa63491e0118dae1093,automated theorem proving,['Larry Paulson'],2018,Formal Methods,2,"['53e9b05cb7602d9703ac36c1','53e9a42bb7602d9702d46e31']",This paper investigates automated theorem proving using interdisciplinary and data driven approaches.
600aa63491e0118dae1094,stem cell differentiation,['Shinya Yamanaka'],2019,Regenerative Medicine,3,"['53e9b388b7602d9703e66f0b','53e9b05cb7602d9703ac36c1','558b142be4b0b32fcb3a9ef0']",This paper investigates stem cell differentiation using interdisciplinary and data driven approaches.
600aa63491e0118dae1095,augmented reality navigation,['Steven Feiner'],2020,Mixed Reality,1,['53e9a42bb7602d9702d46e31'],This paper investigates augmented reality navigation using interdisciplinary and data driven approaches.
600aa63491e0118dae1096,resilient infrastructure design,['Billie Spencer'],2021,Civil Engineering,2,"['53e9b05cb7602d9703ac36c1','53e9b7eeb7602d970439d213']",This paper investigates resilient infrastructure design using interdisciplinary and data driven approaches.
600aa63491e0118dae1097,few shot learning methods,['Oriol Vinyals'],2022,Machine Learning,3,"['53e9b388b7602d9703e66f0b','53e9b05cb7602d9703ac36c1','53e9a42bb7602d9702d46e31']",This paper investigates few shot learning methods using interdisciplinary and data driven approaches.
600aa63491e0118dae1098,microplastic pollution tracking,['Chelsea Rochman'],2023,Environmental Science,0,[],This paper investigates microplastic pollution tracking using interdisciplinary and data driven approaches.
600aa63491e0118dae1099,autonomous drone swarms,['Vijay Kumar'],2015,Aerial Robotics,2,"['53e9b05cb7602d9703ac36c1','53e9b7eeb7602d970439d213']",This paper investigates autonomous drone swarms using interdisciplinary and data driven approaches.
600aa63491e0118dae1100,circadian rhythm disruption,['Michael Young'],2016,Chronobiology,1,['558b142be4b0b32fcb3a9ef0'],This paper investigates circadian rhythm disruption using interdisciplinary and data driven approaches.
600aa63491e0118dae1101,knowledge graph construction,['Dan Roth'],2017,Knowledge Representation,2,"['53e9b05cb7602d9703ac36c1','53e9a42bb7602d9702d46e31']",This paper investigates knowledge graph construction using interdisciplinary and data driven approaches.
600aa63491e0118dae1102,fusion reactor engineering,['Steven Cowley'],2018,Nuclear Engineering,1,['53e9a42bb7602d9702d46e31'],This paper investigates fusion reactor engineering using interdisciplinary and data driven approaches.
600aa63491e0118dae1103,mobile health monitoring,['Eric Topol'],2019,Digital Health,3,"['53e9b388b7602d9703e66f0b','53e9b05cb7602d9703ac36c1','558b142be4b0b32fcb3a9ef0']",This paper investigates mobile health monitoring using interdisciplinary and data driven approaches.
600aa63491e0118dae1104,photonic computing systems,['Dirk Englund'],2020,Optical Computing,0,[],This paper investigates photonic computing systems using interdisciplinary and data driven approaches.
600aa63491e0118dae1105,narrative generation algorithms,['Mark Riedl'],2021,Computational Creativity,2,"['53e9b05cb7602d9703ac36c1','53e9b7eeb7602d970439d213']",This paper investigates narrative generation algorithms using interdisciplinary and data driven approaches.
600aa63491e0118dae1106,soil microbiome functions,['Noah Fierer'],2022,Soil Science,1,['558b142be4b0b32fcb3a9ef0'],This paper investigates soil microbiome functions using interdisciplinary and data driven approaches.
600aa63491e0118dae1107,homomorphic encryption schemes,['Craig Gentry'],2023,Cryptography,2,"['53e9b05cb7602d9703ac36c1','53e9a42bb7602d9702d46e31']",This paper investigates homomorphic encryption schemes using interdisciplinary and data driven approaches.
600aa63491e0118dae1108,exoplanet atmosphere analysis,['Sara Seager'],2015,Astronomy,3,"['53e9b388b7602d9703e66f0b','53e9b05cb7602d9703ac36c1','53e9a42bb7602d9702d46e31']",This paper investigates exoplanet atmosphere analysis using interdisciplinary and data driven approaches.
600aa63491e0118dae1109,multi agent coordination,['Milind Tambe'],2016,Artificial Intelligence,1,['53e9a42bb7602d9702d46e31'],This paper investigates multi agent coordination using interdisciplinary and data driven approaches.
600aa63491e0118dae1110,molecular dynamics simulations,['Klaus Schulten'],2016,Computational Chemistry,2,"['53e9b05cb7602d9703ac36c1','558b142be4b0b32fcb3a9ef0']",This paper investigates molecular dynamics simulations using interdisciplinary and data driven approaches.
600aa63491e0118dae1111,information theoretic learning,['Jose Principe'],2017,Machine Learning,1,['53e9a42bb7602d9702d46e31'],This paper investigates information theoretic learning using interdisciplinary and data driven approaches.
600aa63491e0118dae1112,smart grid optimization,['Mohammad Shahidehpour'],2018,Power Systems,3,"['53e9b388b7602d9703e66f0b','53e9b05cb7602d9703ac36c1','53e9a42bb7602d9702d46e31']",This paper investigates smart grid optimization using interdisciplinary and data driven approaches.
600aa63491e0118dae1113,bacterial communication networks,['Bonnie Bassler'],2019,Microbiology,0,[],This paper investigates bacterial communication networks using interdisciplinary and data driven approaches.
600aa63491e0118dae1114,video compression algorithms,['Gary Sullivan'],2020,Multimedia Systems,2,"['53e9b05cb7602d9703ac36c1','53e9b7eeb7602d970439d213']",This paper investigates video compression algorithms using interdisciplinary and data driven approaches.
600aa63491e0118dae1115,adaptive immune responses,['Polly Matzinger'],2021,Immunology,1,['558b142be4b0b32fcb3a9ef0'],This paper investigates adaptive immune responses using interdisciplinary and data driven approaches.
600aa63491e0118dae1116,program synthesis techniques,['Armando Solar-Lezama'],2022,Programming Languages,2,"['53e9b05cb7602d9703ac36c1','53e9a42bb7602d9702d46e31']",This paper investigates program synthesis techniques using interdisciplinary and data driven approaches.
600aa63491e0118dae1117,zero knowledge proofs,['Shafi Goldwasser'],2023,Cryptography,1,['53e9a42bb7602d9702d46e31'],This paper investigates zero knowledge proofs using interdisciplinary and data driven approaches.
600aa63491e0118dae1118,atmospheric river forecasting,['Marty Ralph'],2015,Atmospheric Science,3,"['53e9b388b7602d9703e66f0b','53e9b05cb7602d9703ac36c1','53e9a42bb7602d9702d46e31']",This paper investigates atmospheric river forecasting using interdisciplinary and data driven approaches.
600aa63491e0118dae1119,computational fluid dynamics,['Charles Peskin'],2016,Applied Mathematics,0,[],This paper investigates computational fluid dynamics using interdisciplinary and data driven approaches.
600aa63491e0118dae1120,persuasive technology design,['BJ Fogg'],2017,Human Computer Interaction,2,"['53e9b05cb7602d9703ac36c1','53e9b7eeb7602d970439d213']",This paper investigates persuasive technology design using interdisciplinary and data driven approaches.
600aa63491e0118dae1121,nanomedicine delivery systems,['Robert Langer'],2018,Biomedical Engineering,1,['558b142be4b0b32fcb3a9ef0'],This paper investigates nanomedicine delivery systems using interdisciplinary and data driven approaches.
600aa63491e0118dae1122,causal inference methods,['Judea Pearl'],2019,Statistics,2,"['53e9b05cb7602d9703ac36c1','53e9a42bb7602d9702d46e31']",This paper investigates causal inference methods using interdisciplinary and data driven approaches.
600aa63491e0118dae1123,superconducting materials,['Paul Chu'],2020,Condensed Matter Physics,3,"['53e9b388b7602d9703e66f0b','53e9b05cb7602d9703ac36c1','558b142be4b0b32fcb3a9ef0']",This paper investigates superconducting materials using interdisciplinary and data driven approaches.
600aa63491e0118dae1124,evolutionary game theory,['Martin Nowak'],2021,Evolutionary Biology,1,['53e9a42bb7602d9702d46e31'],This paper investigates evolutionary game theory using interdisciplinary and data driven approaches.
600aa63491e0118dae1125,active learning strategies,['Burr Settles'],2022,Machine Learning,2,"['53e9b05cb7602d9703ac36c1','53e9b7eeb7602d970439d213']",This paper investigates active learning strategies using interdisciplinary and data driven approaches.
600aa63491e0118dae1126,glacier mass balance studies,['Lonnie Thompson'],2023,Glaciology,0,[],This paper investigates glacier mass balance studies using interdisciplinary and data driven approaches.
600aa63491e0118dae1127,multimodal learning systems,['Louis-Philippe Morency'],2015,Artificial Intelligence,3,"['53e9b388b7602d9703e66f0b','53e9b05cb7602d9703ac36c1','53e9a42bb7602d9702d46e31']",This paper investigates multimodal learning systems using interdisciplinary and data driven approaches.
600aa63491e0118dae1128,tissue engineering scaffolds,['Anthony Atala'],2016,Regenerative Medicine,1,['558b142be4b0b32fcb3a9ef0'],This paper investigates tissue engineering scaffolds using interdisciplinary and data driven approaches.
600aa63491e0118dae1129,compiler optimization techniques,['Monica Lam'],2017,Computer Science,2,"['53e9b05cb7602d9703ac36c1','53e9a42bb7602d9702d46e31']",This paper investigates compiler optimization techniques using interdisciplinary and data driven approaches.
600aa63491e0118dae1130,dark energy cosmology,['Adam Riess'],2018,Cosmology,1,['53e9a42bb7602d9702d46e31'],This paper investigates dark energy cosmology using interdisciplinary and data driven approaches.
600aa63491e0118dae1131,conversational AI systems,['Dilek Hakkani-Tur'],2019,Natural Language Processing,2,"['53e9b05cb7602d9703ac36c1','53e9b7eeb7602d970439d213']",This paper investigates conversational AI systems using interdisciplinary and data driven approaches.
600aa63491e0118dae1132,pollinator decline factors,['May Berenbaum'],2020,Entomology,0,[],This paper investigates pollinator decline factors using interdisciplinary and data driven approaches.
600aa63491e0118dae1133,neuromorphic sensors,['Tobi Delbruck'],2021,Computer Engineering,3,"['53e9b388b7602d9703e66f0b','53e9b05cb7602d9703ac36c1','558b142be4b0b32fcb3a9ef0']",This paper investigates neuromorphic sensors using interdisciplinary and data driven approaches.
600aa63491e0118dae1134,time series forecasting,['Rob Hyndman'],2022,Statistics,1,['53e9a42bb7602d9702d46e31'],This paper investigates time series forecasting using interdisciplinary and data driven approaches.
600aa63491e0118dae1135,satellite image analysis,['Daniela Rus'],2023,Remote Sensing,2,"['53e9b05cb7602d9703ac36c1','53e9b7eeb7602d970439d213']",This paper investigates satellite image analysis using interdisciplinary and data driven approaches.
600aa63491e0118dae1136,memristor computing devices,['Leon Chua'],2015,Electrical Engineering,2,"['53e9b05cb7602d9703ac36c1','558b142be4b0b32fcb3a9ef0']",This paper investigates memristor computing devices using interdisciplinary and data driven approaches.
600aa63491e0118dae1137,collaborative filtering methods,['Greg Linden'],2016,Information Systems,1,['53e9a42bb7602d9702d46e31'],This paper investigates collaborative filtering methods using interdisciplinary and data driven approaches.
600aa63491e0118dae1138,volcanic eruption prediction,['Michael Poland'],2017,Volcanology,0,[],This paper investigates volcanic eruption prediction using interdisciplinary and data driven approaches.
600aa63491e0118dae1139,meta learning algorithms,['Chelsea Finn'],2018,Machine Learning,3,"['53e9b388b7602d9703e66f0b','53e9b05cb7602d9703ac36c1','53e9a42bb7602d9702d46e31']",This paper investigates meta learning algorithms using interdisciplinary and data driven approaches.
600aa63491e0118dae1140,antibiotic resistance mechanisms,['Gerard Wright'],2019,Microbiology,2,"['53e9b05cb7602d9703ac36c1','558b142be4b0b32fcb3a9ef0']",This paper investigates antibiotic resistance mechanisms using interdisciplinary and data driven approaches.
600aa63491e0118dae1141,quantum error correction,['John Preskill'],2020,Quantum Computing,1,['53e9a42bb7602d9702d46e31'],This paper investigates quantum error correction using interdisciplinary and data driven approaches.
600aa63491e0118dae1142,online learning pedagogy,['Daphne Koller'],2021,Education Technology,2,"['53e9b05cb7602d9703ac36c1','53e9b7eeb7602d970439d213']",This paper investigates online learning pedagogy using interdisciplinary and data driven approaches.
600aa63491e0118dae1143,biomimetic robotics design,['Robert Full'],2022,Robotics,1,['558b142be4b0b32fcb3a9ef0'],This paper investigates biomimetic robotics design using interdisciplinary and data driven approaches.
600aa63491e0118dae1144,software defined networking,['Nick McKeown'],2023,Computer Networks,3,"['53e9b388b7602d9703e66f0b','53e9b05cb7602d9703ac36c1','53e9a42bb7602d9702d46e31']",This paper investigates software defined networking using interdisciplinary and data driven approaches.
600aa63491e0118dae1145,cognitive bias detection,['Daniel Kahneman'],2015,Cognitive Science,0,[],This paper investigates cognitive bias detection using interdisciplinary and data driven approaches.
600aa63491e0118dae1146,battery storage technologies,['Yet-Ming Chiang'],2016,Materials Science,2,"['53e9b05cb7602d9703ac36c1','558b142be4b0b32fcb3a9ef0']",This paper investigates battery storage technologies using interdisciplinary and data driven approaches.
600aa63491e0118dae1147,neural style transfer,['Leon Gatys'],2017,Computer Vision,1,['53e9a42bb7602d9702d46e31'],This paper investigates neural style transfer using interdisciplinary and data driven approaches.
600aa63491e0118dae1148,ecosystem service valuation,['Gretchen Daily'],2018,Ecology,2,"['53e9b05cb7602d9703ac36c1','53e9b7eeb7602d970439d213']",This paper investigates ecosystem service valuation using interdisciplinary and data driven approaches.
600aa63491e0118dae1149,adversarial robustness testing,['Nicolas Papernot'],2019,Computer Security,3,"['53e9b388b7602d9703e66f0b','53e9b05cb7602d9703ac36c1','53e9a42bb7602d9702d46e31']",This paper investigates adversarial robustness testing using interdisciplinary and data driven approaches.
